probe,file,bytes,sha256_or_blobsha1,verified,local_weights_removed
lrprobe_v1_gdn_lr1e-3,lrprobe_v1_gdn_lr1e-3/step000763_tok300023808/config.json,879,7d195914d0227c95726ccde345d8547e047fc8cc,True,True
lrprobe_v1_gdn_lr1e-3,lrprobe_v1_gdn_lr1e-3/step000763_tok300023808/generation_config.json,154,5dbbe92e7290695d445377b86a8d1b6fdc2c7b56,True,True
lrprobe_v1_gdn_lr1e-3,lrprobe_v1_gdn_lr1e-3/step000763_tok300023808/pytorch_model.bin,509827859,216db93cd0380ba06fcd5262d5b7110b200004e28af56f0c2733910880a412f4,True,True
lrprobe_v1_gdn_lr1e-3,lrprobe_v1_gdn_lr1e-3/run_meta.json,6824,b547ca97d09f4969afdea8e6ab2990c10221e967,True,True
lrprobe_v1_gdn_lr1e-3,lrprobe_v1_gdn_lr1e-3/train_log.jsonl,253419,aa082affe50b965c40d2fd6dd515eddf2ae3b14f,True,True
lrprobe_v1_gdn_lr1e-3,lrprobe_v1_gdn_lr1e-3/event_log.jsonl,3069,4f726eb56117abab74a6208ca2ef6f9c61ab695b,True,True
lrprobe_v1_gdn_lr4e-4,lrprobe_v1_gdn_lr4e-4/step000763_tok300023808/config.json,879,7d195914d0227c95726ccde345d8547e047fc8cc,True,True
lrprobe_v1_gdn_lr4e-4,lrprobe_v1_gdn_lr4e-4/step000763_tok300023808/generation_config.json,154,5dbbe92e7290695d445377b86a8d1b6fdc2c7b56,True,True
lrprobe_v1_gdn_lr4e-4,lrprobe_v1_gdn_lr4e-4/step000763_tok300023808/pytorch_model.bin,509827859,0e495ae85b7c546d42d9aeaf9a349efe7c33ba0e71398549660758a9c508cd0d,True,True
lrprobe_v1_gdn_lr4e-4,lrprobe_v1_gdn_lr4e-4/run_meta.json,6826,1d2c878d12f5090f45cd542d17a4091be7bac7b9,True,True
lrprobe_v1_gdn_lr4e-4,lrprobe_v1_gdn_lr4e-4/train_log.jsonl,253695,868c0d3b2c57c8db2a7e71b664062f74201b19e9,True,True
lrprobe_v1_gdn_lr4e-4,lrprobe_v1_gdn_lr4e-4/event_log.jsonl,3066,41ba11b333e3fe2ce9e3e47fbfcf831410fe0330,True,True
lrprobe_v1_gdn_lr6e-3,lrprobe_v1_gdn_lr6e-3/step000763_tok300023808/config.json,879,7d195914d0227c95726ccde345d8547e047fc8cc,True,True
lrprobe_v1_gdn_lr6e-3,lrprobe_v1_gdn_lr6e-3/step000763_tok300023808/generation_config.json,154,5dbbe92e7290695d445377b86a8d1b6fdc2c7b56,True,True
lrprobe_v1_gdn_lr6e-3,lrprobe_v1_gdn_lr6e-3/step000763_tok300023808/pytorch_model.bin,509827859,fecd98ef4677782ca9ec352b91e8777d6a8ed501c938c7060dad6f289c95fb77,True,True
lrprobe_v1_gdn_lr6e-3,lrprobe_v1_gdn_lr6e-3/run_meta.json,6824,299859e52084a73044aa753682fa6e8396a25608,True,True
lrprobe_v1_gdn_lr6e-3,lrprobe_v1_gdn_lr6e-3/train_log.jsonl,253294,512ce715b0e5610bd9824e8cb080869e7cbe4c82,True,True
lrprobe_v1_gdn_lr6e-3,lrprobe_v1_gdn_lr6e-3/event_log.jsonl,3084,3dfe91f07f4b609969574ec025cbcc0ee07c3c88,True,True
lrprobe_v1_mamba2_lr1e-3,lrprobe_v1_mamba2_lr1e-3/step000763_tok300023808/config.json,989,af36b827cb52116ff1b9f0431e544c5a26f21435,True,True
lrprobe_v1_mamba2_lr1e-3,lrprobe_v1_mamba2_lr1e-3/step000763_tok300023808/generation_config.json,154,5dbbe92e7290695d445377b86a8d1b6fdc2c7b56,True,True
lrprobe_v1_mamba2_lr1e-3,lrprobe_v1_mamba2_lr1e-3/step000763_tok300023808/pytorch_model.bin,505789943,df94ca7b38a944a65c3da060ea92bde9aa58b8ee319cb29c27cd7608f98aa99c,True,True
lrprobe_v1_mamba2_lr1e-3,lrprobe_v1_mamba2_lr1e-3/run_meta.json,6615,68597735e9bf2bb5f013f48cb9b0a753b958cf10,True,True
lrprobe_v1_mamba2_lr1e-3,lrprobe_v1_mamba2_lr1e-3/train_log.jsonl,253262,19220c88656f625546e1cd34ddf3e5af41cdb8fe,True,True
lrprobe_v1_mamba2_lr1e-3,lrprobe_v1_mamba2_lr1e-3/event_log.jsonl,3077,3ac3c619d78580d41866ee002f0d8ea604b8f07f,True,True
lrprobe_v1_mamba2_lr3e-3,lrprobe_v1_mamba2_lr3e-3/step000763_tok300023808/config.json,989,af36b827cb52116ff1b9f0431e544c5a26f21435,True,True
lrprobe_v1_mamba2_lr3e-3,lrprobe_v1_mamba2_lr3e-3/step000763_tok300023808/generation_config.json,154,5dbbe92e7290695d445377b86a8d1b6fdc2c7b56,True,True
lrprobe_v1_mamba2_lr3e-3,lrprobe_v1_mamba2_lr3e-3/step000763_tok300023808/pytorch_model.bin,505789943,2d50cefd636b671908429edda5e86bd97b90c1e64dd735ec4b396e11c20af273,True,True
lrprobe_v1_mamba2_lr3e-3,lrprobe_v1_mamba2_lr3e-3/run_meta.json,6615,8761c8614e283ed03d3a5eaec20675ce5edb6572,True,True
lrprobe_v1_mamba2_lr3e-3,lrprobe_v1_mamba2_lr3e-3/train_log.jsonl,253272,1d2214e822a0efcda08d69bbb247a6ea17c83d8a,True,True
lrprobe_v1_mamba2_lr3e-3,lrprobe_v1_mamba2_lr3e-3/event_log.jsonl,3077,4d64e3ec05275c18687e2e7162c6754935fbfd20,True,True
lrprobe_v1_mamba2_lr4e-4,lrprobe_v1_mamba2_lr4e-4/step000763_tok300023808/config.json,989,af36b827cb52116ff1b9f0431e544c5a26f21435,True,True
lrprobe_v1_mamba2_lr4e-4,lrprobe_v1_mamba2_lr4e-4/step000763_tok300023808/generation_config.json,154,5dbbe92e7290695d445377b86a8d1b6fdc2c7b56,True,True
lrprobe_v1_mamba2_lr4e-4,lrprobe_v1_mamba2_lr4e-4/step000763_tok300023808/pytorch_model.bin,505789943,159cfa12102337c06205554beb38b92f364eb85fe3752abbfc470614375e96e7,True,True
lrprobe_v1_mamba2_lr4e-4,lrprobe_v1_mamba2_lr4e-4/run_meta.json,6617,6a5f9758a91ff851750dbbb6039a2abce2160d47,True,True
lrprobe_v1_mamba2_lr4e-4,lrprobe_v1_mamba2_lr4e-4/train_log.jsonl,253617,95735f0631b3dbafb969145b7276de1e003fd941,True,True
lrprobe_v1_mamba2_lr4e-4,lrprobe_v1_mamba2_lr4e-4/event_log.jsonl,3072,28b33a0d2b331ced9b4c7512659464d6a41f5fa3,True,True
lrprobe_v1_mzansilm_lr1e-3,lrprobe_v1_mzansilm_lr1e-3/step000763_tok300023808/config.json,687,5b00206516cd4e233043b988a6caab5073449dc3,True,True
lrprobe_v1_mzansilm_lr1e-3,lrprobe_v1_mzansilm_lr1e-3/step000763_tok300023808/generation_config.json,154,5dbbe92e7290695d445377b86a8d1b6fdc2c7b56,True,True
lrprobe_v1_mzansilm_lr1e-3,lrprobe_v1_mzansilm_lr1e-3/step000763_tok300023808/pytorch_model.bin,500125987,1aaad7911a64920ad75b08b093cb8b53a4d7a112b94bcec1935408d095056dbd,True,True
lrprobe_v1_mzansilm_lr1e-3,lrprobe_v1_mzansilm_lr1e-3/run_meta.json,6530,ad9f004d1d7d036591147dc1e5778e431be083e3,True,True
lrprobe_v1_mzansilm_lr1e-3,lrprobe_v1_mzansilm_lr1e-3/train_log.jsonl,252538,395eba8787bb12253b7320f990a9d9b785a0af7d,True,True
lrprobe_v1_mzansilm_lr1e-3,lrprobe_v1_mzansilm_lr1e-3/event_log.jsonl,3076,2eaba2c601e208da6c55093f217ab5cc00bff941,True,True
lrprobe_v1_mzansilm_lr4e-4,lrprobe_v1_mzansilm_lr4e-4/step000763_tok300023808/config.json,687,5b00206516cd4e233043b988a6caab5073449dc3,True,True
lrprobe_v1_mzansilm_lr4e-4,lrprobe_v1_mzansilm_lr4e-4/step000763_tok300023808/generation_config.json,154,5dbbe92e7290695d445377b86a8d1b6fdc2c7b56,True,True
lrprobe_v1_mzansilm_lr4e-4,lrprobe_v1_mzansilm_lr4e-4/step000763_tok300023808/pytorch_model.bin,500125987,96cb7358656f881063d5fac67d2e28e8831e5470067bceaf5c5c36deb3152ebd,True,True
lrprobe_v1_mzansilm_lr4e-4,lrprobe_v1_mzansilm_lr4e-4/run_meta.json,6532,c3a6706dd5c2db96dd24f5836097d7658ce8471b,True,True
lrprobe_v1_mzansilm_lr4e-4,lrprobe_v1_mzansilm_lr4e-4/train_log.jsonl,252922,6f3185ce0bd0878149af7d4a0735bab1a8822354,True,True
lrprobe_v1_mzansilm_lr4e-4,lrprobe_v1_mzansilm_lr4e-4/event_log.jsonl,3069,b706a18c53e2dcae37ebb2662c220f816c65dd93,True,True
lrprobe_v1_mzansilm_lr6e-3,lrprobe_v1_mzansilm_lr6e-3/step000763_tok300023808/config.json,687,5b00206516cd4e233043b988a6caab5073449dc3,True,True
lrprobe_v1_mzansilm_lr6e-3,lrprobe_v1_mzansilm_lr6e-3/step000763_tok300023808/generation_config.json,154,5dbbe92e7290695d445377b86a8d1b6fdc2c7b56,True,True
lrprobe_v1_mzansilm_lr6e-3,lrprobe_v1_mzansilm_lr6e-3/step000763_tok300023808/pytorch_model.bin,500125987,3b398e451e703dc86d5b6cc844ab590e377ade7d9cfcfc1525118899b689b3b4,True,True
lrprobe_v1_mzansilm_lr6e-3,lrprobe_v1_mzansilm_lr6e-3/run_meta.json,6530,1e90bb7a11523df02f7d3b0ff0deb864b9cadf9d,True,True
lrprobe_v1_mzansilm_lr6e-3,lrprobe_v1_mzansilm_lr6e-3/train_log.jsonl,252661,3d0165959e5b2eb4589311f1d32b4455fa523d7a,True,True
lrprobe_v1_mzansilm_lr6e-3,lrprobe_v1_mzansilm_lr6e-3/event_log.jsonl,3074,c948da2b3f316ff3a665a387a9860d414a7723e5,True,True
lrprobe_v1_xlstm_lr1e-3,lrprobe_v1_xlstm_lr1e-3/step000763_tok300023808/config.json,1013,0dc5c423b232be5845c2b44f7973aa98db0f05a7,True,True
lrprobe_v1_xlstm_lr1e-3,lrprobe_v1_xlstm_lr1e-3/step000763_tok300023808/generation_config.json,154,5dbbe92e7290695d445377b86a8d1b6fdc2c7b56,True,True
lrprobe_v1_xlstm_lr1e-3,lrprobe_v1_xlstm_lr1e-3/step000763_tok300023808/pytorch_model.bin,507670011,bdbef7f9c142ca00685b0e64ae0ac19a27a95574ff6dfab9c9b3fab5cfdca879,True,True
lrprobe_v1_xlstm_lr1e-3,lrprobe_v1_xlstm_lr1e-3/run_meta.json,7272,85ba696e617fcdef1762a18af33026c3ef5edc83,True,True
lrprobe_v1_xlstm_lr1e-3,lrprobe_v1_xlstm_lr1e-3/train_log.jsonl,253368,5e6bfed62b26bf7c69001ef30831bb1c13abcb5d,True,True
lrprobe_v1_xlstm_lr1e-3,lrprobe_v1_xlstm_lr1e-3/event_log.jsonl,3078,c6e7ee5566e2421aa3fb0b6fbf5e9c4d7833ab80,True,True
lrprobe_v1_xlstm_lr4e-4,lrprobe_v1_xlstm_lr4e-4/step000763_tok300023808/config.json,1013,0dc5c423b232be5845c2b44f7973aa98db0f05a7,True,True
lrprobe_v1_xlstm_lr4e-4,lrprobe_v1_xlstm_lr4e-4/step000763_tok300023808/generation_config.json,154,5dbbe92e7290695d445377b86a8d1b6fdc2c7b56,True,True
lrprobe_v1_xlstm_lr4e-4,lrprobe_v1_xlstm_lr4e-4/step000763_tok300023808/pytorch_model.bin,507670011,5fec3dd59df3ceea1f9cadc5044e262bed94f6d6f2885500b9cd05d55b836192,True,True
lrprobe_v1_xlstm_lr4e-4,lrprobe_v1_xlstm_lr4e-4/run_meta.json,7274,9f7429c01e946b7ea534ea185deaf1bacf481ce3,True,True
lrprobe_v1_xlstm_lr4e-4,lrprobe_v1_xlstm_lr4e-4/train_log.jsonl,253525,d4c8bb27446723536384ad80b9744b27e5ecac8f,True,True
lrprobe_v1_xlstm_lr4e-4,lrprobe_v1_xlstm_lr4e-4/event_log.jsonl,3076,282f21c249e34ad403be32f59b4daa154631429e,True,True
lrprobe_v1_xlstm_lr6e-3,lrprobe_v1_xlstm_lr6e-3/step000763_tok300023808/config.json,1013,0dc5c423b232be5845c2b44f7973aa98db0f05a7,True,True
lrprobe_v1_xlstm_lr6e-3,lrprobe_v1_xlstm_lr6e-3/step000763_tok300023808/generation_config.json,154,5dbbe92e7290695d445377b86a8d1b6fdc2c7b56,True,True
lrprobe_v1_xlstm_lr6e-3,lrprobe_v1_xlstm_lr6e-3/step000763_tok300023808/pytorch_model.bin,507670011,b4d469bcc329fce6d53f23f2bd15fdfd569f7510f9bba60fec8226408f84c5dd,True,True
lrprobe_v1_xlstm_lr6e-3,lrprobe_v1_xlstm_lr6e-3/run_meta.json,7272,a4b507e0ea003ecbef6aa26ab3c448a6fb75bc70,True,True
lrprobe_v1_xlstm_lr6e-3,lrprobe_v1_xlstm_lr6e-3/train_log.jsonl,253178,d5b1f18c24c82c00d7aa18ec2f725f0024d95fc0,True,True
lrprobe_v1_xlstm_lr6e-3,lrprobe_v1_xlstm_lr6e-3/event_log.jsonl,3090,d3c4910da14159c190866f19f151d2744ae5e73b,True,True
